20190208-ETCS-Lab-JW-022.jpg,No Text Recognized
20190829-Welcome-Week-JW-193.jpg,nthipoy,op,PP,olagy,Ay,a,eee,A
301612807_1530247804080881_3550903437595589330_n.jpg,»,Ges,[25],28|a0]25][2],cen,SEE,ccc.
"Baneberry, White, Flower.JPG",No Text Recognized
become-a-student.jpg,ADMISSIONS
canvas.png,No Text Recognized
claramoran6th.jpg,No Text Recognized
HucUsque_MS.jpeg,erie,Counce,GoM,TT,i,aera,eI,inn,Senior,aifcanaross,emelmnancly,sO,red,a,a,of,Raat,t,p,h,b
images.jpg,No Text Recognized
index.jpg,No Text Recognized
index.png,ANE,Wn,\Z2
maxresdefault.jpg,ee,a,ee,ss,ye,—,),IS,f,to,;,A
New_Member_Web.jpg,No Text Recognized
PFW-OMNI-Omnibus-SM-MSteele-FB-Twitter-DIGITAL.jpg,Gls,f
PFW1_1530456636872_47326961_ver1.0.webp,No Text Recognized
pic1.jpg,No Text Recognized
print+-+QCenter_Holocaust_1-22+(1)-1.png,=,els,Rd,4,ha,mine,y,oo,Re,Bea,eee,dkanieh,evs”,THE,PINE,TRIANGLE,AN,LUYOURUCTION,TO,Ted,CEaSECUTRON,UE,LGOTAP,PEQOLE,DURING,THE,MART,AGERME,",",onetime:,ba,wiewatte,Retasy,(ACH).,tw.,Lom,ML,Rsmore,"MLE,","hg,",stan,0,Btls,"GUUORIED,",Cor,avons,eho,GAINS,Jan.,28,|,12607,|,vvale,Unton,14
purdue-fort-wayne-main-campus-signage.jpg,puaDUE,guieeas,cr,Gea,4,FORT,WAYNE
scarlet-oak-bark-original-01.jpg,No Text Recognized
sophiesordelet7th.jpg,No Text Recognized
"Viburnum, Cranberrybush, American, Habit.JPG",No Text Recognized
